mep_id,full_name,last_name,first_name,country,country_name,ep_party_group,ep_party_group_full,national_party,vote,vote_numeric,vote_date
7511,Alexandraki,Alexandraki,Galato,EL,Greece,ECR,European Conservatives and Reformists,,against,-1,2024-11-27
7683,Axinia,Axinia,Adrian-George,RO,Romania,ECR,European Conservatives and Reformists,,against,-1,2024-11-27
7561,Bartulica,Bartulica,Stephen Nikola,HR,Croatia,ECR,European Conservatives and Reformists,,against,-1,2024-11-27
4978,Berlato,Berlato,Sergio,IT,Italy,ECR,European Conservatives and Reformists,,for,1,2024-11-27
5112,Bielan,Bielan,Adam,PL,Poland,ECR,European Conservatives and Reformists,,against,-1,2024-11-27
7638,Bocheński,Bocheński,Tobiasz,PL,Poland,ECR,European Conservatives and Reformists,,against,-1,2024-11-27
6895,Brudziński,Brudziński,Joachim Stanisław,PL,Poland,ECR,European Conservatives and Reformists,,against,-1,2024-11-27
7639,Buda Waldemar,Buda,Waldemar,PL,Poland,ECR,European Conservatives and Reformists,,against,-1,2024-11-27
7662,Cavedagna,Cavedagna,Stefano,IT,Italy,ECR,European Conservatives and Reformists,,for,1,2024-11-27
7659,Ciccioli,Ciccioli,Carlo,IT,Italy,ECR,European Conservatives and Reformists,,for,1,2024-11-27
7716,Ciriani,Ciriani,Alessandro,IT,Italy,ECR,European Conservatives and Reformists,,for,1,2024-11-27
7660,Crosetto,Crosetto,Giovanni,IT,Italy,ECR,European Conservatives and Reformists,,for,1,2024-11-27
7661,Donazzan,Donazzan,Elena,IT,Italy,ECR,European Conservatives and Reformists,,for,1,2024-11-27
7642,Dworczyk,Dworczyk,Michał,PL,Poland,ECR,European Conservatives and Reformists,,against,-1,2024-11-27
7657,Erixon,Erixon,Dick,SE,Sweden,ECR,European Conservatives and Reformists,,against,-1,2024-11-27
5982,Fidanza,Fidanza,Carlo,IT,Italy,ECR,European Conservatives and Reformists,,for,1,2024-11-27
6998,Fiocchi,Fiocchi,Pietro,IT,Italy,ECR,European Conservatives and Reformists,,for,1,2024-11-27
7250,Fragkos,Fragkos,Emmanouil,EL,Greece,ECR,European Conservatives and Reformists,,against,-1,2024-11-27
7663,Gambino,Gambino,Alberico,IT,Italy,ECR,European Conservatives and Reformists,,for,1,2024-11-27
7544,Geadi,Geadi,Geadis,CY,Cyprus,ECR,European Conservatives and Reformists,,against,-1,2024-11-27
7179,Gemma,Gemma,Chiara,IT,Italy,ECR,European Conservatives and Reformists,,for,1,2024-11-27
7620,Gosiewska,Gosiewska,Małgorzata,PL,Poland,ECR,European Conservatives and Reformists,,against,-1,2024-11-27
7713,Inselvini,Inselvini,Paolo,IT,Italy,ECR,European Conservatives and Reformists,,for,1,2024-11-27
6909,Jaki,Jaki,Patryk,PL,Poland,ECR,European Conservatives and Reformists,,against,-1,2024-11-27
7621,Kamiński,Kamiński,Mariusz,PL,Poland,ECR,European Conservatives and Reformists,,against,-1,2024-11-27
6866,Kanko,Kanko,Assita,BE,Belgium,ECR,European Conservatives and Reformists,,for,1,2024-11-27
7458,Kartheiser,Kartheiser,Fernand,LU,Luxembourg,ECR,European Conservatives and Reformists,,against,-1,2024-11-27
7476,Kols,Kols,Rihards,LV,Latvia,ECR,European Conservatives and Reformists,,for,1,2024-11-27
7403,Krutílek,Krutílek,Ondřej,CZ,Czechia,ECR,European Conservatives and Reformists,,for,1,2024-11-27
6886,Madison,Madison,Jaak,EE,Estonia,ECR,European Conservatives and Reformists,,against,-1,2024-11-27
7718,Magoni,Magoni,Lara,IT,Italy,ECR,European Conservatives and Reformists,,for,1,2024-11-27
7643,Maląg,Maląg,Marlena,PL,Poland,ECR,European Conservatives and Reformists,,against,-1,2024-11-27
4810,Mantovani,Mantovani,Mario,IT,Italy,ECR,European Conservatives and Reformists,,for,1,2024-11-27
7481,Maréchal,Maréchal,Marion,FR,France,ECR,European Conservatives and Reformists,,against,-1,2024-11-27
7209,Milazzo,Milazzo,Giuseppe,IT,Italy,ECR,European Conservatives and Reformists,,for,1,2024-11-27
7625,Mularczyk,Mularczyk,Arkadiusz,PL,Poland,ECR,European Conservatives and Reformists,,against,-1,2024-11-27
7646,Müller,Müller,Piotr,PL,Poland,ECR,European Conservatives and Reformists,,against,-1,2024-11-27
7315,Nesci,Nesci,Denis,IT,Italy,ECR,European Conservatives and Reformists,,for,1,2024-11-27
7623,Obajtek,Obajtek,Daniel,PL,Poland,ECR,European Conservatives and Reformists,,against,-1,2024-11-27
7652,Ozdoba,Ozdoba,Jacek,PL,Poland,ECR,European Conservatives and Reformists,,against,-1,2024-11-27
7482,Peltier,Peltier,Guillaume,FR,France,ECR,European Conservatives and Reformists,,against,-1,2024-11-27
7719,Picaro,Picaro,Michele,IT,Italy,ECR,European Conservatives and Reformists,,for,1,2024-11-27
7681,Piperea,Piperea,Gheorghe,RO,Romania,ECR,European Conservatives and Reformists,,against,-1,2024-11-27
7714,Polato,Polato,Daniele,IT,Italy,ECR,European Conservatives and Reformists,,for,1,2024-11-27
7465,Pozņaks,Pozņaks,Reinis,LV,Latvia,ECR,European Conservatives and Reformists,,for,1,2024-11-27
7205,Procaccini,Procaccini,Nicola,IT,Italy,ECR,European Conservatives and Reformists,,for,1,2024-11-27
7670,Razza,Razza,Ruggero,IT,Italy,ECR,European Conservatives and Reformists,,for,1,2024-11-27
7157,Ruissen,Ruissen,Bert-Jan,NL,Netherlands,ECR,European Conservatives and Reformists,,abstain,0,2024-11-27
6938,Rzońca,Rzońca,Bogdan,PL,Poland,ECR,European Conservatives and Reformists,,against,-1,2024-11-27
7679,Sberna,Sberna,Antonella,IT,Italy,ECR,European Conservatives and Reformists,,for,1,2024-11-27
7675,Squarta,Squarta,Marco,IT,Italy,ECR,European Conservatives and Reformists,,for,1,2024-11-27
7587,Storm,Storm,Kristoffer,DK,Denmark,ECR,European Conservatives and Reformists,,abstain,0,2024-11-27
7685,Sturdza,Sturdza,Şerban Dimitrie,RO,Romania,ECR,European Conservatives and Reformists,,against,-1,2024-11-27
6946,Szydło,Szydło,Beata,PL,Poland,ECR,European Conservatives and Reformists,,against,-1,2024-11-27
7265,Tarczyński,Tarczyński,Dominik,PL,Poland,ECR,European Conservatives and Reformists,,against,-1,2024-11-27
7682,Teodorescu,Teodorescu,Georgiana,RO,Romania,ECR,European Conservatives and Reformists,,against,-1,2024-11-27
7656,Timgren,Timgren,Beatrice,SE,Sweden,ECR,European Conservatives and Reformists,,against,-1,2024-11-27
5878,Tomaszewski,Tomaszewski,Waldemar,LT,Lithuania,ECR,European Conservatives and Reformists,,against,-1,2024-11-27
7723,Torselli,Torselli,Francesco,IT,Italy,ECR,European Conservatives and Reformists,,for,1,2024-11-27
7485,Trochu,Trochu,Laurence,FR,France,ECR,European Conservatives and Reformists,,against,-1,2024-11-27
7369,Tynkkynen,Tynkkynen,Sebastian,FI,Finland,ECR,European Conservatives and Reformists,,against,-1,2024-11-27
7680,Târziu,Târziu,Claudiu-Richard,RO,Romania,ECR,European Conservatives and Reformists,,against,-1,2024-11-27
7733,Valchev,Valchev,Ivaylo,BG,Bulgaria,ECR,European Conservatives and Reformists,,abstain,0,2024-11-27
7441,Van Dijck,Van Dijck,Kris,BE,Belgium,ECR,European Conservatives and Reformists,,for,1,2024-11-27
6683,Van Overtveldt,Van Overtveldt,Johan,BE,Belgium,ECR,European Conservatives and Reformists,,for,1,2024-11-27
7665,Ventola,Ventola,Francesco,IT,Italy,ECR,European Conservatives and Reformists,,for,1,2024-11-27
7377,Veryga,Veryga,Aurelijus,LT,Lithuania,ECR,European Conservatives and Reformists,,for,1,2024-11-27
7712,Vivaldini,Vivaldini,Mariateresa,IT,Italy,ECR,European Conservatives and Reformists,,for,1,2024-11-27
6930,Vondra,Vondra,Alexandr,CZ,Czechia,ECR,European Conservatives and Reformists,,abstain,0,2024-11-27
6945,Vrecionová,Vrecionová,Veronika,CZ,Czechia,ECR,European Conservatives and Reformists,,for,1,2024-11-27
6808,Weimers,Weimers,Charlie,SE,Sweden,ECR,European Conservatives and Reformists,,against,-1,2024-11-27
6515,Wiśniewska,Wiśniewska,Jadwiga,PL,Poland,ECR,European Conservatives and Reformists,,against,-1,2024-11-27
7617,Wąsik,Wąsik,Maciej,PL,Poland,ECR,European Conservatives and Reformists,,against,-1,2024-11-27
6962,Zalewska,Zalewska,Anna,PL,Poland,ECR,European Conservatives and Reformists,,against,-1,2024-11-27
5598,Zīle,Zīle,Roberts,LV,Latvia,ECR,European Conservatives and Reformists,,for,1,2024-11-27
6522,Złotowski,Złotowski,Kosma,PL,Poland,ECR,European Conservatives and Reformists,,against,-1,2024-11-27
6872,Anderson,Anderson,Christine,DE,Germany,ESN,Europe of Sovereign Nations,,against,-1,2024-11-27
7507,Arndt,Arndt,Anja,DE,Germany,ESN,Europe of Sovereign Nations,,against,-1,2024-11-27
7489,Aust,Aust,René,DE,Germany,ESN,Europe of Sovereign Nations,,against,-1,2024-11-27
7504,Bausemer,Bausemer,Arno,DE,Germany,ESN,Europe of Sovereign Nations,,against,-1,2024-11-27
7746,Borvendég,Borvendég,Zsuzsanna,HU,Hungary,ESN,Europe of Sovereign Nations,,against,-1,2024-11-27
7501,Boßdorf,Boßdorf,Irmhild,DE,Germany,ESN,Europe of Sovereign Nations,,against,-1,2024-11-27
6876,Buchheit,Buchheit,Markus,DE,Germany,ESN,Europe of Sovereign Nations,,against,-1,2024-11-27
7488,Bystron,Bystron,Petr,DE,Germany,ESN,Europe of Sovereign Nations,,against,-1,2024-11-27
6949,David,David,Ivan,CZ,Czechia,ESN,Europe of Sovereign Nations,,against,-1,2024-11-27
7505,Droese,Droese,Siegbert Frank,DE,Germany,ESN,Europe of Sovereign Nations,,against,-1,2024-11-27
7372,Gražulis,Gražulis,Petras,LT,Lithuania,ESN,Europe of Sovereign Nations,,against,-1,2024-11-27
7497,Jungbluth,Jungbluth,Alexander,DE,Germany,ESN,Europe of Sovereign Nations,,against,-1,2024-11-27
7512,Khan,Khan,Mary,DE,Germany,ESN,Europe of Sovereign Nations,,against,-1,2024-11-27
7484,Knafo,Knafo,Sarah,FR,France,ESN,Europe of Sovereign Nations,,against,-1,2024-11-27
7737,Laykova,Laykova,Rada,BG,Bulgaria,ESN,Europe of Sovereign Nations,,against,-1,2024-11-27
7500,Neuhoff,Neuhoff,Hans,DE,Germany,ESN,Europe of Sovereign Nations,,against,-1,2024-11-27
7514,Sell,Sell,Alexander,DE,Germany,ESN,Europe of Sovereign Nations,,against,-1,2024-11-27
7730,Stoyanov,Stoyanov,Stanislav,BG,Bulgaria,ESN,Europe of Sovereign Nations,,against,-1,2024-11-27
7635,Sypniewski,Sypniewski,Marcin,PL,Poland,ESN,Europe of Sovereign Nations,,against,-1,2024-11-27
7627,Tyszka,Tyszka,Stanisław,PL,Poland,ESN,Europe of Sovereign Nations,,against,-1,2024-11-27
7147,Uhrík,Uhrík,Milan,SK,Slovakia,ESN,Europe of Sovereign Nations,,against,-1,2024-11-27
7735,Volgin,Volgin,Petar,BG,Bulgaria,ESN,Europe of Sovereign Nations,,against,-1,2024-11-27
7634,Zajączkowska-Hernik,Zajączkowska-Hernik,Ewa,PL,Poland,ESN,Europe of Sovereign Nations,,against,-1,2024-11-27
7414,Anadiotis,Anadiotis,Nikolaos,EL,Greece,NI,Non-Inscrits,,against,-1,2024-11-27
7515,Berg,Berg,Sibylle,DE,Germany,NI,Non-Inscrits,,against,-1,2024-11-27
5173,Beňová,Beňová,Monika,SK,Slovakia,NI,Non-Inscrits,,against,-1,2024-11-27
7632,Braun,Braun,Grzegorz,PL,Poland,NI,Non-Inscrits,,against,-1,2024-11-27
6496,De Masi,De Masi,Fabio,DE,Germany,NI,Non-Inscrits,,against,-1,2024-11-27
7408,Dostál,Dostál,Ondřej,CZ,Czechia,NI,Non-Inscrits,,against,-1,2024-11-27
7527,Firmenich,Firmenich,Ruth,DE,Germany,NI,Non-Inscrits,,against,-1,2024-11-27
7496,Geisel,Geisel,Thomas,DE,Germany,NI,Non-Inscrits,,against,-1,2024-11-27
7584,Junco García,Junco García,Nora,ES,Spain,NI,Non-Inscrits,,against,-1,2024-11-27
7569,Kaliňák,Kaliňák,Erik,SK,Slovakia,NI,Non-Inscrits,,against,-1,2024-11-27
5039,Konečná,Konečná,Kateřina,CZ,Czechia,NI,Non-Inscrits,,against,-1,2024-11-27
6878,Krah,Krah,Maximilian,DE,Germany,NI,Non-Inscrits,,against,-1,2024-11-27
7684,Lazarus,Lazarus,Luis-Vicențiu,RO,Romania,NI,Non-Inscrits,,against,-1,2024-11-27
7570,Laššáková,Laššáková,Judita,SK,Slovakia,NI,Non-Inscrits,,against,-1,2024-11-27
7579,Mazurek,Mazurek,Milan,SK,Slovakia,NI,Non-Inscrits,,against,-1,2024-11-27
7580,Ondruš,Ondruš,Branislav,SK,Slovakia,NI,Non-Inscrits,,for,1,2024-11-27
7547,Panayiotou,Panayiotou,Fidias,CY,Cyprus,NI,Non-Inscrits,,against,-1,2024-11-27
6676,Papadakis,Papadakis,Kostas,EL,Greece,NI,Non-Inscrits,,against,-1,2024-11-27
7524,Pürner,Pürner,Friedrich,DE,Germany,NI,Non-Inscrits,,against,-1,2024-11-27
5842,Roth Neveďalová,Roth Neveďalová,Katarína,SK,Slovakia,NI,Non-Inscrits,,against,-1,2024-11-27
7526,Sieper,Sieper,Lukas,DE,Germany,NI,Non-Inscrits,,for,1,2024-11-27
7583,Solier,Solier,Diego,ES,Spain,NI,Non-Inscrits,,against,-1,2024-11-27
6471,Sonneborn,Sonneborn,Martin,DE,Germany,NI,Non-Inscrits,,against,-1,2024-11-27
7522,Warnke,Warnke,Jan-Peter,DE,Germany,NI,Non-Inscrits,,against,-1,2024-11-27
7510,Zacharia,Zacharia,Maria,EL,Greece,NI,Non-Inscrits,,against,-1,2024-11-27
7521,von der Schulenburg,von der Schulenburg,Michael,DE,Germany,NI,Non-Inscrits,,against,-1,2024-11-27
7376,Aaltola,Aaltola,Mika,FI,Finland,PPE,PPE,,for,1,2024-11-27
7606,Abadía Jover,Abadía Jover,Maravillas,ES,Spain,PPE,PPE,,against,-1,2024-11-27
6883,Adamowicz,Adamowicz,Magdalena,PL,Poland,PPE,PPE,,for,1,2024-11-27
7387,Aftias,Aftias,Georgios,EL,Greece,PPE,PPE,,for,1,2024-11-27
7495,Agius,Agius,Peter,MT,Malta,PPE,PPE,,for,1,2024-11-27
6594,Arimont,Arimont,Pascal,BE,Belgium,PPE,PPE,,for,1,2024-11-27
6885,Arłukowicz,Arłukowicz,Bartosz,PL,Poland,PPE,PPE,,for,1,2024-11-27
7444,Beke,Beke,Wouter,BE,Belgium,PPE,PPE,,for,1,2024-11-27
7503,Beleris,Beleris,Fredis,EL,Greece,PPE,PPE,,for,1,2024-11-27
6927,Bellamy,Bellamy,François-Xavier,FR,France,PPE,PPE,,for,1,2024-11-27
7067,Benjumea Benjumea,Benjumea Benjumea,Isabel,ES,Spain,PPE,PPE,,against,-1,2024-11-27
6807,Bentele,Bentele,Hildegard,DE,Germany,PPE,PPE,,for,1,2024-11-27
7162,Berendsen,Berendsen,Tom,NL,Netherlands,PPE,PPE,,for,1,2024-11-27
6809,Berger,Berger,Stefan,DE,Germany,PPE,PPE,,for,1,2024-11-27
7037,Bernhuber,Bernhuber,Alexander,AT,Austria,PPE,PPE,,for,1,2024-11-27
7025,Bogdan,Bogdan,Ioan-Rareş,RO,Romania,PPE,PPE,,for,1,2024-11-27
7343,Brejza,Brejza,Krzysztof,PL,Poland,PPE,PPE,,for,1,2024-11-27
7558,Brnjac,Brnjac,Nikolina,HR,Croatia,PPE,PPE,,for,1,2024-11-27
6617,Buda Daniel,Buda,Daniel,RO,Romania,PPE,PPE,,for,1,2024-11-27
7611,Budka,Budka,Borys,PL,Poland,PPE,PPE,,for,1,2024-11-27
7647,Bugalho,Bugalho,Sebastião,PT,Portugal,PPE,PPE,,for,1,2024-11-27
7616,Buła,Buła,Andrzej,PL,Poland,PPE,PPE,,for,1,2024-11-27
7738,Carberry,Carberry,Nina,IE,Ireland,PPE,PPE,,for,1,2024-11-27
5252,Casa,Casa,David,MT,Malta,PPE,PPE,,for,1,2024-11-27
5341,Caspary,Caspary,Daniel,DE,Germany,PPE,PPE,,for,1,2024-11-27
7480,Castillo,Castillo,Laurent,FR,France,PPE,PPE,,for,1,2024-11-27
6499,Chinnici,Chinnici,Caterina,IT,Italy,PPE,PPE,,for,1,2024-11-27
7596,Crespo Díaz,Crespo Díaz,Carmen,ES,Spain,PPE,PPE,,against,-1,2024-11-27
7644,Cunha,Cunha,Paulo,PT,Portugal,PPE,PPE,,for,1,2024-11-27
7590,Dahl,Dahl,Henrik,DK,Denmark,PPE,PPE,,for,1,2024-11-27
7261,De Meo,De Meo,Salvatore,IT,Italy,PPE,PPE,,for,1,2024-11-27
7613,Do Nascimento Cabral,Do Nascimento Cabral,Paulo,PT,Portugal,PPE,PPE,,for,1,2024-11-27
7728,Doherty,Doherty,Regina,IE,Ireland,PPE,PPE,,for,1,2024-11-27
6870,Doleschal,Doleschal,Christian,DE,Germany,PPE,PPE,,for,1,2024-11-27
5960,Dorfmann,Dorfmann,Herbert,IT,Italy,PPE,PPE,,for,1,2024-11-27
7418,Dávid,Dávid,Dóra,HU,Hungary,PPE,PPE,,for,1,2024-11-27
6810,Düpont,Düpont,Lena,DE,Germany,PPE,PPE,,for,1,2024-11-27
5348,Ehler,Ehler,Christian,DE,Germany,PPE,PPE,,for,1,2024-11-27
5983,Estaràs Ferragut,Estaràs Ferragut,Rosa,ES,Spain,PPE,PPE,,against,-1,2024-11-27
7597,Ezcurra Almansa,Ezcurra Almansa,Alma,ES,Spain,PPE,PPE,,against,-1,2024-11-27
7706,Falcone,Falcone,Marco,IT,Italy,PPE,PPE,,for,1,2024-11-27
7038,Falcă,Falcă,Gheorghe,RO,Romania,PPE,PPE,,for,1,2024-11-27
7398,Farský,Farský,Jan,CZ,Czechia,PPE,PPE,,for,1,2024-11-27
3833,Ferber,Ferber,Markus,DE,Germany,PPE,PPE,,for,1,2024-11-27
6813,Fourlas,Fourlas,Loucas,CY,Cyprus,PPE,PPE,,for,1,2024-11-27
4659,Gahler,Gahler,Michael,DE,Germany,PPE,PPE,,for,1,2024-11-27
7594,Gasiuk-Pihowicz,Gasiuk-Pihowicz,Kamila,PL,Poland,PPE,PPE,,for,1,2024-11-27
7422,Gerzsenyi,Gerzsenyi,Gabriella,HU,Hungary,PPE,PPE,,for,1,2024-11-27
7345,Geuking,Geuking,Niels,DE,Germany,PPE,PPE,,for,1,2024-11-27
6441,Gieseke,Gieseke,Jens,DE,Germany,PPE,PPE,,for,1,2024-11-27
7598,Giménez Larraz,Giménez Larraz,Borja,ES,Spain,PPE,PPE,,against,-1,2024-11-27
7253,Glavak,Glavak,Sunčana,HR,Croatia,PPE,PPE,,for,1,2024-11-27
7478,Gomart,Gomart,Christophe,FR,France,PPE,PPE,,for,1,2024-11-27
6632,González Pons,González Pons,Esteban,ES,Spain,PPE,PPE,,against,-1,2024-11-27
7699,Gotink,Gotink,Dirk,NL,Netherlands,PPE,PPE,,for,1,2024-11-27
7386,Grims,Grims,Branko,SI,Slovenia,PPE,PPE,,against,-1,2024-11-27
7765,Gronkiewicz-Waltz,Gronkiewicz-Waltz,Hanna,PL,Poland,PPE,PPE,,for,1,2024-11-27
7543,Hadjipantela,Hadjipantela,Michalis,CY,Cyprus,PPE,PPE,,for,1,2024-11-27
6907,Halicki,Halicki,Andrzej,PL,Poland,PPE,PPE,,for,1,2024-11-27
6777,Hansen Christophe,Hansen,Christophe,LU,Luxembourg,PPE,PPE,,for,1,2024-11-27
7595,Hansen,Hansen,Niels Flemming,DK,Denmark,PPE,PPE,,for,1,2024-11-27
7035,Hava,Hava,Mircea-Gheorghe,RO,Romania,PPE,PPE,,for,1,2024-11-27
6811,Herbst,Herbst,Niclas,DE,Germany,PPE,PPE,,for,1,2024-11-27
5018,Herranz García,Herranz García,Esther,ES,Spain,PPE,PPE,,against,-1,2024-11-27
6534,Hetman,Hetman,Krzysztof,PL,Poland,PPE,PPE,,for,1,2024-11-27
5953,Hohlmeier,Hohlmeier,Monika,DE,Germany,PPE,PPE,,for,1,2024-11-27
7630,Humberto,Humberto,Sérgio,PT,Portugal,PPE,PPE,,for,1,2024-11-27
7477,Imart,Imart,Céline,FR,France,PPE,PPE,,for,1,2024-11-27
6910,Jarubas,Jarubas,Adam,PL,Poland,PPE,PPE,,for,1,2024-11-27
7593,Joński,Joński,Dariusz,PL,Poland,PPE,PPE,,for,1,2024-11-27
7223,Juknevičienė,Juknevičienė,Rasa,LT,Lithuania,PPE,PPE,,for,1,2024-11-27
7222,Kanev,Kanev,Radan,BG,Bulgaria,PPE,PPE,,for,1,2024-11-27
6666,Kefalogiannis,Kefalogiannis,Emmanouil,EL,Greece,PPE,PPE,,for,1,2024-11-27
5855,Kelly,Kelly,Seán,IE,Ireland,PPE,PPE,,for,1,2024-11-27
7393,Kircher,Kircher,Sophia,AT,Austria,PPE,PPE,,for,1,2024-11-27
6916,Kohut,Kohut,Łukasz,PL,Poland,PPE,PPE,,for,1,2024-11-27
6805,Kokalari,Kokalari,Arba,SE,Sweden,PPE,PPE,,for,1,2024-11-27
7405,Kolář,Kolář,Ondřej,CZ,Czechia,PPE,PPE,,for,1,2024-11-27
6918,Kopacz,Kopacz,Ewa,PL,Poland,PPE,PPE,,for,1,2024-11-27
6196,Kovatchev,Kovatchev,Andrey,BG,Bulgaria,PPE,PPE,,for,1,2024-11-27
7226,Kubilius,Kubilius,Andrius,LT,Lithuania,PPE,PPE,,for,1,2024-11-27
7420,Kulja,Kulja,András Tivadar,HU,Hungary,PPE,PPE,,for,1,2024-11-27
7528,Köhler,Köhler,Stefan,DE,Germany,PPE,PPE,,for,1,2024-11-27
7421,Lakos,Lakos,Eszter,HU,Hungary,PPE,PPE,,for,1,2024-11-27
7736,Lazarov,Lazarov,Ilia,BG,Bulgaria,PPE,PPE,,for,1,2024-11-27
7479,Le Callennec,Le Callennec,Isabelle,FR,France,PPE,PPE,,for,1,2024-11-27
6592,Lenaers,Lenaers,Jeroen,NL,Netherlands,PPE,PPE,,for,1,2024-11-27
5105,Lewandowski,Lewandowski,Janusz,PL,Poland,PPE,PPE,,for,1,2024-11-27
7264,Lexmann,Lexmann,Miriam,SK,Slovakia,PPE,PPE,,for,1,2024-11-27
3855,Liese,Liese,Peter,DE,Germany,PPE,PPE,,for,1,2024-11-27
6442,Lins,Lins,Norbert,DE,Germany,PPE,PPE,,for,1,2024-11-27
7391,Lopatka,Lopatka,Reinhold,AT,Austria,PPE,PPE,,for,1,2024-11-27
5517,López-Istúriz White,López-Istúriz White,Antonio,ES,Spain,PPE,PPE,,against,-1,2024-11-27
7424,Magyar,Magyar,Péter,HU,Hungary,PPE,PPE,,for,1,2024-11-27
6761,Mandl,Mandl,Lukas,AT,Austria,PPE,PPE,,for,1,2024-11-27
7648,Marczułajtis-Walczak,Marczułajtis-Walczak,Jagna,PL,Poland,PPE,PPE,,for,1,2024-11-27
6465,Martusciello,Martusciello,Fulvio,IT,Italy,PPE,PPE,,for,1,2024-11-27
6096,Mato,Mato,Gabriel,ES,Spain,PPE,PPE,,against,-1,2024-11-27
6483,Maydell,Maydell,Eva,BG,Bulgaria,PPE,PPE,,for,1,2024-11-27
6440,McAllister,McAllister,David,DE,Germany,PPE,PPE,,for,1,2024-11-27
7051,Meimarakis,Meimarakis,Vangelis,EL,Greece,PPE,PPE,,for,1,2024-11-27
7499,Meleti,Meleti,Eleonora,EL,Greece,PPE,PPE,,for,1,2024-11-27
7531,Mertens,Mertens,Verena,DE,Germany,PPE,PPE,,for,1,2024-11-27
5518,Millán Mon,Millán Mon,Francisco José,ES,Spain,PPE,PPE,,against,-1,2024-11-27
7099,Montserrat,Montserrat,Dolors,ES,Spain,PPE,PPE,,against,-1,2024-11-27
6368,Morano,Morano,Nadine,FR,France,PPE,PPE,,for,1,2024-11-27
7720,Moratti,Moratti,Letizia,IT,Italy,PPE,PPE,,for,1,2024-11-27
6436,Mureşan,Mureşan,Siegfried,RO,Romania,PPE,PPE,,for,1,2024-11-27
7589,Navarrete Rojas,Navarrete Rojas,Fernando,ES,Spain,PPE,PPE,,against,-1,2024-11-27
7406,Nerudová,Nerudová,Danuše,CZ,Czechia,PPE,PPE,,for,1,2024-11-27
7601,Nevado del Campo,Nevado del Campo,Elena,ES,Spain,PPE,PPE,,against,-1,2024-11-27
4712,Niebler,Niebler,Angelika,DE,Germany,PPE,PPE,,for,1,2024-11-27
6332,Niedermayer,Niedermayer,Luděk,CZ,Czechia,PPE,PPE,,for,1,2024-11-27
6709,Novakov,Novakov,Andrey,BG,Bulgaria,PPE,PPE,,for,1,2024-11-27
7614,Nykiel,Nykiel,Mirosława,PL,Poland,PPE,PPE,,for,1,2024-11-27
7602,Pascual de la Parte,Pascual de la Parte,Nicolás,ES,Spain,PPE,PPE,,against,-1,2024-11-27
7640,Pedro,Pedro,Ana Miguel,PT,Portugal,PPE,PPE,,for,1,2024-11-27
7120,Pereira,Pereira,Lídia,PT,Portugal,PPE,PPE,,for,1,2024-11-27
6803,Polfjärd,Polfjärd,Jessica,SE,Sweden,PPE,PPE,,for,1,2024-11-27
7694,Princi,Princi,Giusi,IT,Italy,PPE,PPE,,for,1,2024-11-27
7604,Protas,Protas,Jacek,PL,Poland,PPE,PPE,,for,1,2024-11-27
6488,Radev,Radev,Emil,BG,Bulgaria,PPE,PPE,,for,1,2024-11-27
6750,Radtke,Radtke,Dennis,DE,Germany,PPE,PPE,,for,1,2024-11-27
7538,Ratas,Ratas,Jüri,EE,Estonia,PPE,PPE,,for,1,2024-11-27
6812,Ressler,Ressler,Karlo,HR,Croatia,PPE,PPE,,for,1,2024-11-27
7280,Ripa,Ripa,Manuela,DE,Germany,PPE,PPE,,for,1,2024-11-27
6698,Salini,Salini,Massimiliano,IT,Italy,PPE,PPE,,for,1,2024-11-27
7365,Salla,Salla,Aura,FI,Finland,PPE,PPE,,for,1,2024-11-27
7374,Saudargas,Saudargas,Paulius,LT,Lithuania,PPE,PPE,,for,1,2024-11-27
7536,Schenk,Schenk,Oliver,DE,Germany,PPE,PPE,,for,1,2024-11-27
6821,Schneider,Schneider,Christine,DE,Germany,PPE,PPE,,for,1,2024-11-27
5345,Schwab,Schwab,Andreas,DE,Germany,PPE,PPE,,for,1,2024-11-27
6823,Seekatz,Seekatz,Ralf,DE,Germany,PPE,PPE,,for,1,2024-11-27
7610,Sienkiewicz,Sienkiewicz,Bartłomiej,PL,Poland,PPE,PPE,,for,1,2024-11-27
6824,Simon,Simon,Sven,DE,Germany,PPE,PPE,,for,1,2024-11-27
7541,Smit,Smit,Sander,NL,Netherlands,PPE,PPE,,for,1,2024-11-27
6816,Sokol,Sokol,Tomislav,HR,Croatia,PPE,PPE,,for,1,2024-11-27
7168,Solís Pérez,Solís Pérez,Susana,ES,Spain,PPE,PPE,,against,-1,2024-11-27
7446,Sommen,Sommen,Liesbet,BE,Belgium,PPE,PPE,,for,1,2024-11-27
7633,Sousa Silva,Sousa Silva,Hélder,PT,Portugal,PPE,PPE,,for,1,2024-11-27
6302,Stier,Stier,Davor Ivo,HR,Croatia,PPE,PPE,,for,1,2024-11-27
7588,Szczerba,Szczerba,Michał,PL,Poland,PPE,PPE,,for,1,2024-11-27
7419,Tarr,Tarr,Zoltán,HU,Hungary,PPE,PPE,,for,1,2024-11-27
7655,Teodorescu Måwe,Teodorescu Måwe,Alice,SE,Sweden,PPE,PPE,,for,1,2024-11-27
7523,Ter Laak,Ter Laak,Ingeborg,NL,Netherlands,PPE,PPE,,for,1,2024-11-27
7277,Terras,Terras,Riho,EE,Estonia,PPE,PPE,,for,1,2024-11-27
6801,Tobé,Tobé,Tomas,SE,Sweden,PPE,PPE,,for,1,2024-11-27
7384,Tomašič,Tomašič,Zala,SI,Slovenia,PPE,PPE,,against,-1,2024-11-27
6681,Tomc,Tomc,Romana,SI,Slovenia,PPE,PPE,,against,-1,2024-11-27
7382,Tonin,Tonin,Matej,SI,Slovenia,PPE,PPE,,for,1,2024-11-27
6429,Tosi,Tosi,Flavio,IT,Italy,PPE,PPE,,for,1,2024-11-27
7367,Toveri,Toveri,Pekka,FI,Finland,PPE,PPE,,for,1,2024-11-27
7506,Tsiodras,Tsiodras,Dimitris,EL,Greece,PPE,PPE,,for,1,2024-11-27
5600,Vaidere,Vaidere,Inese,LV,Latvia,PPE,PPE,,for,1,2024-11-27
7542,Van Leeuwen,Van Leeuwen,Jessika,NL,Netherlands,PPE,PPE,,for,1,2024-11-27
5930,Verheyen,Verheyen,Sabine,DE,Germany,PPE,PPE,,for,1,2024-11-27
7062,Vincze,Vincze,Loránt,RO,Romania,PPE,PPE,,abstain,0,2024-11-27
6356,Virkkunen,Virkkunen,Henna,FI,Finland,PPE,PPE,,for,1,2024-11-27
5934,Voss,Voss,Axel,DE,Germany,PPE,PPE,,for,1,2024-11-27
7268,Vázquez Lázara,Vázquez Lázara,Adrián,ES,Spain,PPE,PPE,,against,-1,2024-11-27
5714,Vălean,Vălean,Adina,RO,Romania,PPE,PPE,,for,1,2024-11-27
7233,Walsh,Walsh,Maria,IE,Ireland,PPE,PPE,,for,1,2024-11-27
6827,Walsmann,Walsmann,Marion,DE,Germany,PPE,PPE,,for,1,2024-11-27
6804,Warborn,Warborn,Jörgen,SE,Sweden,PPE,PPE,,for,1,2024-11-27
7608,Wawrykiewicz,Wawrykiewicz,Michał,PL,Poland,PPE,PPE,,for,1,2024-11-27
7609,Wcisło,Wcisło,Marta,PL,Poland,PPE,PPE,,for,1,2024-11-27
5351,Weber,Weber,Manfred,DE,Germany,PPE,PPE,,for,1,2024-11-27
7534,Wechsler,Wechsler,Andrea,DE,Germany,PPE,PPE,,for,1,2024-11-27
5782,Winkler,Winkler,Iuliu,RO,Romania,PPE,PPE,,abstain,0,2024-11-27
6820,Wiseler-Lima,Wiseler-Lima,Isabel,LU,Luxembourg,PPE,PPE,,for,1,2024-11-27
6997,Zarzalejos,Zarzalejos,Javier,ES,Spain,PPE,PPE,,against,-1,2024-11-27
6344,Zdechovský,Zdechovský,Tomáš,CZ,Czechia,PPE,PPE,,for,1,2024-11-27
6532,Zdrojewski,Zdrojewski,Bogdan Andrzej,PL,Poland,PPE,PPE,,for,1,2024-11-27
7012,Zoido Álvarez,Zoido Álvarez,Juan Ignacio,ES,Spain,PPE,PPE,,against,-1,2024-11-27
6094,Zver,Zver,Milan,SI,Slovenia,PPE,PPE,,against,-1,2024-11-27
7592,de la Hoz Quintano,de la Hoz Quintano,Raúl,ES,Spain,PPE,PPE,,against,-1,2024-11-27
5508,del Castillo Vera,del Castillo Vera,Pilar,ES,Spain,PPE,PPE,,against,-1,2024-11-27
5964,Łukacijewska,Łukacijewska,Elżbieta Katarzyna,PL,Poland,PPE,PPE,,for,1,2024-11-27
7079,Androuët,Androuët,Mathilde,FR,France,PfE,Patriots for Europe,,against,-1,2024-11-27
6593,Annemans,Annemans,Gerolf,BE,Belgium,PfE,Patriots for Europe,,against,-1,2024-11-27
6988,Bardella,Bardella,Jordan,FR,France,PfE,Patriots for Europe,,against,-1,2024-11-27
7409,Bartůšek,Bartůšek,Nikola,CZ,Czechia,PfE,Patriots for Europe,,against,-1,2024-11-27
7764,Bay Christophe,Bay,Christophe,FR,France,PfE,Patriots for Europe,,against,-1,2024-11-27
7559,Blom,Blom,Rachel,NL,Netherlands,PfE,Patriots for Europe,,against,-1,2024-11-27
7438,Bonte,Bonte,Barbara,BE,Belgium,PfE,Patriots for Europe,,against,-1,2024-11-27
7000,Borchia,Borchia,Paolo,IT,Italy,PfE,Patriots for Europe,,against,-1,2024-11-27
7586,Borrás Pabón,Borrás Pabón,Mireia,ES,Spain,PfE,Patriots for Europe,,against,-1,2024-11-27
7433,Brasier-Clain,Brasier-Clain,Marie-Luce,FR,France,PfE,Patriots for Europe,,against,-1,2024-11-27
7629,Bryłka,Bryłka,Anna,PL,Poland,PfE,Patriots for Europe,,against,-1,2024-11-27
7637,Buczek,Buczek,Tomasz,PL,Poland,PfE,Patriots for Europe,,against,-1,2024-11-27
7214,Buxadé Villalba,Buxadé Villalba,Jorge,ES,Spain,PfE,Patriots for Europe,,against,-1,2024-11-27
7396,Bžoch,Bžoch,Jaroslav,CZ,Czechia,PfE,Patriots for Europe,,against,-1,2024-11-27
7170,Ceccardi,Ceccardi,Susanna,IT,Italy,PfE,Patriots for Europe,,against,-1,2024-11-27
7697,Cisint,Cisint,Anna Maria,IT,Italy,PfE,Patriots for Europe,,against,-1,2024-11-27
7300,Dauchy,Dauchy,Marie,FR,France,PfE,Patriots for Europe,,against,-1,2024-11-27
7443,Deloge,Deloge,Valérie,FR,France,PfE,Patriots for Europe,,against,-1,2024-11-27
5998,Deutsch,Deutsch,Tamás,HU,Hungary,PfE,Patriots for Europe,,against,-1,2024-11-27
7539,Diepeveen,Diepeveen,Ton,NL,Netherlands,PfE,Patriots for Europe,,against,-1,2024-11-27
7395,Dieringer,Dieringer,Elisabeth,AT,Austria,PfE,Patriots for Europe,,against,-1,2024-11-27
7429,Disdier,Disdier,Mélanie,FR,France,PfE,Patriots for Europe,,against,-1,2024-11-27
7410,Dostalova,Dostalova,Klara,CZ,Czechia,PfE,Patriots for Europe,,against,-1,2024-11-27
7761,Dömötör,Dömötör,Csaba,HU,Hungary,PfE,Patriots for Europe,,against,-1,2024-11-27
7552,Ehlers,Ehlers,Marieke,NL,Netherlands,PfE,Patriots for Europe,,against,-1,2024-11-27
7413,Ferenc,Ferenc,Viktória,HU,Hungary,PfE,Patriots for Europe,,against,-1,2024-11-27
7431,Frigout,Frigout,Anne-Sophie,FR,France,PfE,Patriots for Europe,,against,-1,2024-11-27
7454,Furet,Furet,Angéline,FR,France,PfE,Patriots for Europe,,against,-1,2024-11-27
7018,Garraud,Garraud,Jean-Paul,FR,France,PfE,Patriots for Europe,,against,-1,2024-11-27
6658,Girauta Vidal,Girauta Vidal,Juan Carlos,ES,Spain,PfE,Patriots for Europe,,against,-1,2024-11-27
7019,Griset,Griset,Catherine,FR,France,PfE,Patriots for Europe,,against,-1,2024-11-27
5138,Gyürk,Gyürk,András,HU,Hungary,PfE,Patriots for Europe,,against,-1,2024-11-27
6002,Győri,Győri,Enikő,HU,Hungary,PfE,Patriots for Europe,,against,-1,2024-11-27
5280,Gál,Gál,Kinga,HU,Hungary,PfE,Patriots for Europe,,against,-1,2024-11-27
7246,Haider,Haider,Roman,AT,Austria,PfE,Patriots for Europe,,against,-1,2024-11-27
7400,Hauser,Hauser,Gerald,AT,Austria,PfE,Patriots for Europe,,against,-1,2024-11-27
6346,Hölvényi,Hölvényi,György,HU,Hungary,PfE,Patriots for Europe,,against,-1,2024-11-27
6751,Jamet,Jamet,France,FR,France,PfE,Patriots for Europe,,against,-1,2024-11-27
7017,Joron,Joron,Virginie,FR,France,PfE,Patriots for Europe,,against,-1,2024-11-27
6921,Knotek,Knotek,Ondřej,CZ,Czechia,PfE,Patriots for Europe,,against,-1,2024-11-27
7467,Krištopans,Krištopans,Vilis,LV,Latvia,PfE,Patriots for Europe,,against,-1,2024-11-27
7762,Kubín,Kubín,Tomáš,CZ,Czechia,PfE,Patriots for Europe,,against,-1,2024-11-27
7509,Latinopoulou,Latinopoulou,Afroditi,EL,Greece,PfE,Patriots for Europe,,against,-1,2024-11-27
7428,Leggeri,Leggeri,Fabrice,FR,France,PfE,Patriots for Europe,,against,-1,2024-11-27
7453,Leonardelli,Leonardelli,Julien,FR,France,PfE,Patriots for Europe,,against,-1,2024-11-27
7416,László,László,András,HU,Hungary,PfE,Patriots for Europe,,against,-1,2024-11-27
7013,Mariani,Mariani,Thierry,FR,France,PfE,Patriots for Europe,,against,-1,2024-11-27
7591,Martín Frías,Martín Frías,Jorge,ES,Spain,PfE,Patriots for Europe,,against,-1,2024-11-27
6627,Mayer,Mayer,Georg,AT,Austria,PfE,Patriots for Europe,,against,-1,2024-11-27
7619,Moreira de Sá,Moreira de Sá,Tiago,PT,Portugal,PfE,Patriots for Europe,,against,-1,2024-11-27
7401,Nagyová,Nagyová,Jana,CZ,Czechia,PfE,Patriots for Europe,,against,-1,2024-11-27
7440,Nikolic,Nikolic,Aleksandar,FR,France,PfE,Patriots for Europe,,against,-1,2024-11-27
7075,Olivier,Olivier,Philippe,FR,France,PfE,Patriots for Europe,,against,-1,2024-11-27
5702,Patriciello,Patriciello,Aldo,IT,Italy,PfE,Patriots for Europe,,against,-1,2024-11-27
7436,Pennelle,Pennelle,Gilles,FR,France,PfE,Patriots for Europe,,against,-1,2024-11-27
7432,Piera,Piera,Pascale,FR,France,PfE,Patriots for Europe,,against,-1,2024-11-27
7451,Pimpie,Pimpie,Pierre,FR,France,PfE,Patriots for Europe,,against,-1,2024-11-27
7402,Pokorná Jermanová,Pokorná Jermanová,Jaroslava,CZ,Czechia,PfE,Patriots for Europe,,against,-1,2024-11-27
7439,Rechagneux,Rechagneux,Julie,FR,France,PfE,Patriots for Europe,,against,-1,2024-11-27
7078,Rougé,Rougé,André,FR,France,PfE,Patriots for Europe,,against,-1,2024-11-27
7437,Sanchez,Sanchez,Julien,FR,France,PfE,Patriots for Europe,,against,-1,2024-11-27
6968,Sardone,Sardone,Silvia,IT,Italy,PfE,Patriots for Europe,,against,-1,2024-11-27
7286,Schaller-Baross,Schaller-Baross,Ernő,HU,Hungary,PfE,Patriots for Europe,,against,-1,2024-11-27
7427,Sorel,Sorel,Malika,FR,France,PfE,Patriots for Europe,,against,-1,2024-11-27
7210,Stancanelli,Stancanelli,Raffaele,IT,Italy,PfE,Patriots for Europe,,against,-1,2024-11-27
7404,Steger,Steger,Petra,AT,Austria,PfE,Patriots for Europe,,against,-1,2024-11-27
7550,Stöteler,Stöteler,Sebastiaan,NL,Netherlands,PfE,Patriots for Europe,,against,-1,2024-11-27
7412,Szekeres,Szekeres,Pál,HU,Hungary,PfE,Patriots for Europe,,against,-1,2024-11-27
7216,Tertsch,Tertsch,Hermann,ES,Spain,PfE,Patriots for Europe,,against,-1,2024-11-27
7483,Thionnet,Thionnet,Pierre-Romain,FR,France,PfE,Patriots for Europe,,against,-1,2024-11-27
7445,Tolassy,Tolassy,Rody,FR,France,PfE,Patriots for Europe,,against,-1,2024-11-27
6970,Tovaglieri,Tovaglieri,Isabella,IT,Italy,PfE,Patriots for Europe,,against,-1,2024-11-27
7407,Turek,Turek,Filip,CZ,Czechia,PfE,Patriots for Europe,,against,-1,2024-11-27
7615,Tânger Corrêa,Tânger Corrêa,António,PT,Portugal,PfE,Patriots for Europe,,against,-1,2024-11-27
7430,Valet,Valet,Matthieu,FR,France,PfE,Patriots for Europe,,against,-1,2024-11-27
7234,Vandendriessche,Vandendriessche,Tom,BE,Belgium,PfE,Patriots for Europe,,against,-1,2024-11-27
7691,Vannacci,Vannacci,Roberto,IT,Italy,PfE,Patriots for Europe,,against,-1,2024-11-27
4992,Varaut,Varaut,Alexandre,FR,France,PfE,Patriots for Europe,,against,-1,2024-11-27
7415,Vicsek,Vicsek,Annamária,HU,Hungary,PfE,Patriots for Europe,,against,-1,2024-11-27
6610,Vilimsky,Vilimsky,Harald,AT,Austria,PfE,Patriots for Europe,,against,-1,2024-11-27
6513,Vistisen,Vistisen,Anders,DK,Denmark,PfE,Patriots for Europe,,against,-1,2024-11-27
7763,Werbrouck,Werbrouck,Séverine,FR,France,PfE,Patriots for Europe,,against,-1,2024-11-27
6228,Zijlstra,Zijlstra,Auke,NL,Netherlands,PfE,Patriots for Europe,,against,-1,2024-11-27
7270,de la Pisa Carrión,de la Pisa Carrión,Margarita,ES,Spain,PfE,Patriots for Europe,,against,-1,2024-11-27
7545,Agirregoitia Martínez,Agirregoitia Martínez,Oihane,ES,Spain,Renew,Renew Europe,,for,1,2024-11-27
6799,Al-Sahlani,Al-Sahlani,Abir,SE,Sweden,Renew,Renew Europe,,for,1,2024-11-27
7425,Allione,Allione,Grégory,FR,France,Renew,Renew Europe,,for,1,2024-11-27
7260,Andrews,Andrews,Barry,IE,Ireland,Renew,Renew Europe,,for,1,2024-11-27
6400,Auštrevičius,Auštrevičius,Petras,LT,Lithuania,Renew,Renew Europe,,for,1,2024-11-27
7165,Azmani,Azmani,Malik,NL,Netherlands,Renew,Renew Europe,,for,1,2024-11-27
7564,Baljeu,Baljeu,Jeannette,NL,Netherlands,Renew,Renew Europe,,for,1,2024-11-27
7676,Barna,Barna,Dan,RO,Romania,Renew,Renew Europe,,for,1,2024-11-27
7582,Bosse,Bosse,Stine,DK,Denmark,Renew,Renew Europe,,for,1,2024-11-27
6967,Boyer,Boyer,Gilles,FR,France,Renew,Renew Europe,,for,1,2024-11-27
7399,Brandstätter,Brandstätter,Helmut,AT,Austria,Renew,Renew Europe,,for,1,2024-11-27
5891,Canfin,Canfin,Pascal,FR,France,Renew,Renew Europe,,for,1,2024-11-27
7448,Cassart,Cassart,Benoit,BE,Belgium,Renew,Renew Europe,,abstain,0,2024-11-27
6860,Chastel,Chastel,Olivier,BE,Belgium,Renew,Renew Europe,,abstain,0,2024-11-27
6951,Christensen,Christensen,Asger,DK,Denmark,Renew,Renew Europe,,for,1,2024-11-27
7576,Cifrová Ostrihoňová,Cifrová Ostrihoňová,Veronika,SK,Slovakia,Renew,Renew Europe,,for,1,2024-11-27
7622,Cotrim De Figueiredo,Cotrim De Figueiredo,João,PT,Portugal,Renew,Renew Europe,,for,1,2024-11-27
7739,Cowen,Cowen,Barry,IE,Ireland,Renew,Renew Europe,,for,1,2024-11-27
7426,Devaux,Devaux,Valérie,FR,France,Renew,Renew Europe,,for,1,2024-11-27
6828,Eroglu,Eroglu,Engin,DE,Germany,Renew,Renew Europe,,for,1,2024-11-27
6980,Farreng,Farreng,Laurence,FR,France,Renew,Renew Europe,,for,1,2024-11-27
7600,Friis,Friis,Sigrid,DK,Denmark,Renew,Renew Europe,,for,1,2024-11-27
7525,García Hermida-Van Der Walle,García Hermida-Van Der Walle,Raquel,NL,Netherlands,Renew,Renew Europe,,for,1,2024-11-27
6098,Gerbrandy,Gerbrandy,Gerben-Jan,NL,Netherlands,Renew,Renew Europe,,for,1,2024-11-27
6840,Glück,Glück,Andreas,DE,Germany,Renew,Renew Europe,,for,1,2024-11-27
1793,Goerens,Goerens,Charles,LU,Luxembourg,Renew,Renew Europe,,for,1,2024-11-27
7273,Gozi,Gozi,Sandro,FR,France,Renew,Renew Europe,,for,1,2024-11-27
7164,Groothuis,Groothuis,Bart,NL,Netherlands,Renew,Renew Europe,,for,1,2024-11-27
6950,Grudler,Grudler,Christophe,FR,France,Renew,Renew Europe,,for,1,2024-11-27
6936,Guetta,Guetta,Bernard,FR,France,Renew,Renew Europe,,for,1,2024-11-27
6841,Hahn,Hahn,Svenja,DE,Germany,Renew,Renew Europe,,for,1,2024-11-27
6959,Hayer,Hayer,Valérie,FR,France,Renew,Renew Europe,,for,1,2024-11-27
7373,Henriksson,Henriksson,Anna-Maja,FI,Finland,Renew,Renew Europe,,for,1,2024-11-27
7154,Hojsík,Hojsík,Martin,SK,Slovakia,Renew,Renew Europe,,for,1,2024-11-27
7014,Ijabs,Ijabs,Ivars,LV,Latvia,Renew,Renew Europe,,for,1,2024-11-27
7731,Kabilov,Kabilov,Taner,BG,Bulgaria,Renew,Renew Europe,,for,1,2024-11-27
6800,Karlsbro,Karlsbro,Karin,SE,Sweden,Renew,Renew Europe,,for,1,2024-11-27
7575,Karvašová,Karvašová,Ľubica,SK,Slovakia,Renew,Renew Europe,,for,1,2024-11-27
6766,Katainen,Katainen,Elsi,FI,Finland,Renew,Renew Europe,,for,1,2024-11-27
7203,Kelleher,Kelleher,Billy,IE,Ireland,Renew,Renew Europe,,for,1,2024-11-27
5021,Keller,Keller,Fabienne,FR,France,Renew,Renew Europe,,for,1,2024-11-27
7599,Kobosko,Kobosko,Michał,PL,Poland,Renew,Renew Europe,,for,1,2024-11-27
7371,Kulmuni,Kulmuni,Katri,FI,Finland,Renew,Renew Europe,,for,1,2024-11-27
6504,Kyuchyuk,Kyuchyuk,Ilhan,BG,Bulgaria,Renew,Renew Europe,,for,1,2024-11-27
6842,Körner,Körner,Moritz,DE,Germany,Renew,Renew Europe,,for,1,2024-11-27
5889,Løkkegaard,Løkkegaard,Morten,DK,Denmark,Renew,Renew Europe,,for,1,2024-11-27
7742,McNamara,McNamara,Michael,IE,Ireland,Renew,Renew Europe,,abstain,0,2024-11-27
7734,Minchev,Minchev,Nikola,BG,Bulgaria,Renew,Renew Europe,,for,1,2024-11-27
7740,Mullooly,Mullooly,Ciaran,IE,Ireland,Renew,Renew Europe,,abstain,0,2024-11-27
7743,Ní Mhurchú,Ní Mhurchú,Cynthia,IE,Ireland,Renew,Renew Europe,,for,1,2024-11-27
6830,Oetjen,Oetjen,Jan-Christoph,DE,Germany,Renew,Renew Europe,,for,1,2024-11-27
6705,Paet,Paet,Urmas,EE,Estonia,Renew,Renew Europe,,for,1,2024-11-27
7732,Petrov,Petrov,Hristo,BG,Bulgaria,Renew,Renew Europe,,for,1,2024-11-27
7502,Singer,Singer,Christine,DE,Germany,Renew,Renew Europe,,for,1,2024-11-27
7486,Strack-Zimmermann,Strack-Zimmermann,Marie-Agnes,DE,Germany,Renew,Renew Europe,,for,1,2024-11-27
7517,Streit,Streit,Joachim,DE,Germany,Renew,Renew Europe,,for,1,2024-11-27
7397,Stürgkh,Stürgkh,Anna,AT,Austria,Renew,Renew Europe,,for,1,2024-11-27
6331,Toom,Toom,Jana,EE,Estonia,Renew,Renew Europe,,for,1,2024-11-27
7745,Van Brug,Van Brug,Anouk,NL,Netherlands,Renew,Renew Europe,,for,1,2024-11-27
7626,Vasconcelos,Vasconcelos,Ana,PT,Portugal,Renew,Renew Europe,,for,1,2024-11-27
6710,Vautmans,Vautmans,Hilde,BE,Belgium,Renew,Renew Europe,,for,1,2024-11-27
6896,Vedrenne,Vedrenne,Marie-Pierre,FR,France,Renew,Renew Europe,,for,1,2024-11-27
7434,Verougstraete,Verougstraete,Yvan,BE,Belgium,Renew,Renew Europe,,abstain,0,2024-11-27
7287,Wiesner,Wiesner,Emma,SE,Sweden,Renew,Renew Europe,,for,1,2024-11-27
7153,Wiezik,Wiezik,Michal,SK,Slovakia,Renew,Renew Europe,,for,1,2024-11-27
7449,Wilmès,Wilmès,Sophie,BE,Belgium,Renew,Renew Europe,,abstain,0,2024-11-27
7573,Yar,Yar,Lucia,SK,Slovakia,Renew,Renew Europe,,for,1,2024-11-27
6971,Yon-Courtin,Yon-Courtin,Stéphanie,FR,France,Renew,Renew Europe,,for,1,2024-11-27
7225,Yoncheva,Yoncheva,Elena,BG,Bulgaria,Renew,Renew Europe,,for,1,2024-11-27
7533,van den Berg,van den Berg,Brigitte,NL,Netherlands,Renew,Renew Europe,,for,1,2024-11-27
7572,Ódor,Ódor,Ľudovít,SK,Slovakia,Renew,Renew Europe,,for,1,2024-11-27
7385,Šarec,Šarec,Marjan,SI,Slovenia,Renew,Renew Europe,,for,1,2024-11-27
7370,Žalimas,Žalimas,Dainius,LT,Lithuania,Renew,Renew Europe,,for,1,2024-11-27
6802,Agius Saliba,Agius Saliba,Alex,MT,Malta,S&D,Progressive Alliance of Socialists and Democrats,,for,1,2024-11-27
7380,Andriukaitis,Andriukaitis,Vytenis Povilas,LT,Lithuania,S&D,Progressive Alliance of Socialists and Democrats,,abstain,0,2024-11-27
7254,Angel,Angel,Marc,LU,Luxembourg,S&D,Progressive Alliance of Socialists and Democrats,,abstain,0,2024-11-27
7689,Annunziata,Annunziata,Lucia,IT,Italy,S&D,Progressive Alliance of Socialists and Democrats,,for,1,2024-11-27
7390,Arnaoutoglou,Arnaoutoglou,Sakis,EL,Greece,S&D,Progressive Alliance of Socialists and Democrats,,for,1,2024-11-27
5426,Assis,Assis,Francisco,PT,Portugal,S&D,Progressive Alliance of Socialists and Democrats,,for,1,2024-11-27
7490,Attard,Attard,Daniel,MT,Malta,S&D,Progressive Alliance of Socialists and Democrats,,for,1,2024-11-27
7492,Bajada,Bajada,Thomas,MT,Malta,S&D,Progressive Alliance of Socialists and Democrats,,for,1,2024-11-27
7329,Ballarín Cereza,Ballarín Cereza,Laura,ES,Spain,S&D,Progressive Alliance of Socialists and Democrats,,for,1,2024-11-27
6831,Barley,Barley,Katarina,DE,Germany,S&D,Progressive Alliance of Socialists and Democrats,,abstain,0,2024-11-27
7047,Benea,Benea,Dragoş,RO,Romania,S&D,Progressive Alliance of Socialists and Democrats,,for,1,2024-11-27
6505,Benifei,Benifei,Brando,IT,Italy,S&D,Progressive Alliance of Socialists and Democrats,,for,1,2024-11-27
6891,Biedroń,Biedroń,Robert,PL,Poland,S&D,Progressive Alliance of Socialists and Democrats,,for,1,2024-11-27
6833,Bischoff,Bischoff,Gabriele,DE,Germany,S&D,Progressive Alliance of Socialists and Democrats,,abstain,0,2024-11-27
5867,Blinkevičiūtė,Blinkevičiūtė,Vilija,LT,Lithuania,S&D,Progressive Alliance of Socialists and Democrats,,for,1,2024-11-27
7674,Bonaccini,Bonaccini,Stefano,IT,Italy,S&D,Progressive Alliance of Socialists and Democrats,,for,1,2024-11-27
6264,Borzan,Borzan,Biljana,HR,Croatia,S&D,Progressive Alliance of Socialists and Democrats,,for,1,2024-11-27
4690,Bullmann,Bullmann,Udo,DE,Germany,S&D,Progressive Alliance of Socialists and Democrats,,against,-1,2024-11-27
6838,Burkhardt,Burkhardt,Delara,DE,Germany,S&D,Progressive Alliance of Socialists and Democrats,,abstain,0,2024-11-27
7563,Cepeda,Cepeda,José,ES,Spain,S&D,Progressive Alliance of Socialists and Democrats,,for,1,2024-11-27
7435,Ceulemans,Ceulemans,Estelle,BE,Belgium,S&D,Progressive Alliance of Socialists and Democrats,,against,-1,2024-11-27
7166,Chahim,Chahim,Mohammed,NL,Netherlands,S&D,Progressive Alliance of Socialists and Democrats,,for,1,2024-11-27
7325,Clergeau,Clergeau,Christophe,FR,France,S&D,Progressive Alliance of Socialists and Democrats,,against,-1,2024-11-27
7725,Corrado,Corrado,Annalisa,IT,Italy,S&D,Progressive Alliance of Socialists and Democrats,,for,1,2024-11-27
7493,Costanzo,Costanzo,Vivien,DE,Germany,S&D,Progressive Alliance of Socialists and Democrats,,abstain,0,2024-11-27
7494,Cremer,Cremer,Tobias,DE,Germany,S&D,Progressive Alliance of Socialists and Democrats,,abstain,0,2024-11-27
6806,Danielsson,Danielsson,Johan,SE,Sweden,S&D,Progressive Alliance of Socialists and Democrats,,for,1,2024-11-27
7688,Decaro,Decaro,Antonio,IT,Italy,S&D,Progressive Alliance of Socialists and Democrats,,for,1,2024-11-27
1249,Di Rupo,Di Rupo,Elio,BE,Belgium,S&D,Progressive Alliance of Socialists and Democrats,,against,-1,2024-11-27
7653,Dibrani,Dibrani,Adnan,SE,Sweden,S&D,Progressive Alliance of Socialists and Democrats,,for,1,2024-11-27
6969,Dobrev,Dobrev,Klára,HU,Hungary,S&D,Progressive Alliance of Socialists and Democrats,,against,-1,2024-11-27
5662,Dîncu,Dîncu,Vasile,RO,Romania,S&D,Progressive Alliance of Socialists and Democrats,,for,1,2024-11-27
7307,Ecke,Ecke,Matthias,DE,Germany,S&D,Progressive Alliance of Socialists and Democrats,,abstain,0,2024-11-27
7654,Eriksson,Eriksson,Sofie,SE,Sweden,S&D,Progressive Alliance of Socialists and Democrats,,for,1,2024-11-27
6652,Fernández,Fernández,Jonás,ES,Spain,S&D,Progressive Alliance of Socialists and Democrats,,for,1,2024-11-27
7664,Firea,Firea,Gabriela,RO,Romania,S&D,Progressive Alliance of Socialists and Democrats,,for,1,2024-11-27
7464,Fita,Fita,Claire,FR,France,S&D,Progressive Alliance of Socialists and Democrats,,against,-1,2024-11-27
7631,Rodrigues,Franqueira Rodrigues,André,PT,Portugal,S&D,Progressive Alliance of Socialists and Democrats,,for,1,2024-11-27
6791,Fritzon,Fritzon,Heléne,SE,Sweden,S&D,Progressive Alliance of Socialists and Democrats,,for,1,2024-11-27
6955,Fuglsang,Fuglsang,Niels,DK,Denmark,S&D,Progressive Alliance of Socialists and Democrats,,for,1,2024-11-27
5417,García Pérez,García Pérez,Iratxe,ES,Spain,S&D,Progressive Alliance of Socialists and Democrats,,for,1,2024-11-27
6005,Geier,Geier,Jens,DE,Germany,S&D,Progressive Alliance of Socialists and Democrats,,abstain,0,2024-11-27
7459,Germain,Germain,Jean-Marc,FR,France,S&D,Progressive Alliance of Socialists and Democrats,,against,-1,2024-11-27
7082,Glucksmann,Glucksmann,Raphaël,FR,France,S&D,Progressive Alliance of Socialists and Democrats,,against,-1,2024-11-27
7641,Gomes,Gomes,Isilda,PT,Portugal,S&D,Progressive Alliance of Socialists and Democrats,,for,1,2024-11-27
7106,González Casares,González Casares,Nicolás,ES,Spain,S&D,Progressive Alliance of Socialists and Democrats,,for,1,2024-11-27
7645,Gonçalves Sérgio,Gonçalves,Sérgio,PT,Portugal,S&D,Progressive Alliance of Socialists and Democrats,,for,1,2024-11-27
7624,Gonçalves Bruno,Gonçalves,Bruno,PT,Portugal,S&D,Progressive Alliance of Socialists and Democrats,,abstain,0,2024-11-27
7668,Gori,Gori,Giorgio,IT,Italy,S&D,Progressive Alliance of Socialists and Democrats,,for,1,2024-11-27
6419,Grapini,Grapini,Maria,RO,Romania,S&D,Progressive Alliance of Socialists and Democrats,,for,1,2024-11-27
7392,Grossmann,Grossmann,Elisabeth,AT,Austria,S&D,Progressive Alliance of Socialists and Democrats,,for,1,2024-11-27
7009,Gualmini,Gualmini,Elisabetta,IT,Italy,S&D,Progressive Alliance of Socialists and Democrats,,for,1,2024-11-27
7366,Guzenina,Guzenina,Maria,FI,Finland,S&D,Progressive Alliance of Socialists and Democrats,,for,1,2024-11-27
7090,Gálvez,Gálvez,Lina,ES,Spain,S&D,Progressive Alliance of Socialists and Democrats,,for,1,2024-11-27
7557,Gómez López,Gómez López,Sandra,ES,Spain,S&D,Progressive Alliance of Socialists and Democrats,,for,1,2024-11-27
7070,Heide,Heide,Hannes,AT,Austria,S&D,Progressive Alliance of Socialists and Democrats,,for,1,2024-11-27
7185,Heinäluoma,Heinäluoma,Eero,FI,Finland,S&D,Progressive Alliance of Socialists and Democrats,,for,1,2024-11-27
7122,Homs Ginel,Homs Ginel,Alicia,ES,Spain,S&D,Progressive Alliance of Socialists and Democrats,,for,1,2024-11-27
6792,Incir,Incir,Evin,SE,Sweden,S&D,Progressive Alliance of Socialists and Democrats,,for,1,2024-11-27
7551,Jalloul Muro,Jalloul Muro,Hana,ES,Spain,S&D,Progressive Alliance of Socialists and Democrats,,for,1,2024-11-27
6263,Jerković,Jerković,Romana,HR,Croatia,S&D,Progressive Alliance of Socialists and Democrats,,for,1,2024-11-27
7456,Jouvet,Jouvet,Pierre,FR,France,S&D,Progressive Alliance of Socialists and Democrats,,against,-1,2024-11-27
7466,Kalfon,Kalfon,François,FR,France,S&D,Progressive Alliance of Socialists and Democrats,,against,-1,2024-11-27
6884,Kaljurand,Kaljurand,Marina,EE,Estonia,S&D,Progressive Alliance of Socialists and Democrats,,for,1,2024-11-27
7085,Lalucq,Lalucq,Aurore,FR,France,S&D,Progressive Alliance of Socialists and Democrats,,against,-1,2024-11-27
3823,Lange,Lange,Bernd,DE,Germany,S&D,Progressive Alliance of Socialists and Democrats,,abstain,0,2024-11-27
7457,Laurent,Laurent,Murielle,FR,France,S&D,Progressive Alliance of Socialists and Democrats,,against,-1,2024-11-27
7297,Laureti,Laureti,Camilla,IT,Italy,S&D,Progressive Alliance of Socialists and Democrats,,for,1,2024-11-27
7109,Luena,Luena,César,ES,Spain,S&D,Progressive Alliance of Socialists and Democrats,,for,1,2024-11-27
7690,Lupo,Lupo,Giuseppe,IT,Italy,S&D,Progressive Alliance of Socialists and Democrats,,for,1,2024-11-27
6648,López,López,Javi,ES,Spain,S&D,Progressive Alliance of Socialists and Democrats,,for,1,2024-11-27
5984,López Aguilar,López Aguilar,Juan Fernando,ES,Spain,S&D,Progressive Alliance of Socialists and Democrats,,for,1,2024-11-27
7107,Maestre,Maestre,Cristina,ES,Spain,S&D,Progressive Alliance of Socialists and Democrats,,for,1,2024-11-27
7530,Maij,Maij,Marit,NL,Netherlands,S&D,Progressive Alliance of Socialists and Democrats,,for,1,2024-11-27
7389,Maniatis,Maniatis,Yannis,EL,Greece,S&D,Progressive Alliance of Socialists and Democrats,,for,1,2024-11-27
7747,Maran,Maran,Pierfrancesco,IT,Italy,S&D,Progressive Alliance of Socialists and Democrats,,for,1,2024-11-27
6322,Mavrides,Mavrides,Costas,CY,Cyprus,S&D,Progressive Alliance of Socialists and Democrats,,for,1,2024-11-27
7272,Mebarek,Mebarek,Nora,FR,France,S&D,Progressive Alliance of Socialists and Democrats,,against,-1,2024-11-27
7618,Mendes,Mendes,Ana Catarina,PT,Portugal,S&D,Progressive Alliance of Socialists and Democrats,,for,1,2024-11-27
7554,Mendia,Mendia,Idoia,ES,Spain,S&D,Progressive Alliance of Socialists and Democrats,,for,1,2024-11-27
6890,Mikser,Mikser,Sven,EE,Estonia,S&D,Progressive Alliance of Socialists and Democrats,,for,1,2024-11-27
6351,Molnár,Molnár,Csaba,HU,Hungary,S&D,Progressive Alliance of Socialists and Democrats,,against,-1,2024-11-27
5466,Moreno Sánchez,Moreno Sánchez,Javier,ES,Spain,S&D,Progressive Alliance of Socialists and Democrats,,for,1,2024-11-27
6433,Moretti,Moretti,Alessandra,IT,Italy,S&D,Progressive Alliance of Socialists and Democrats,,for,1,2024-11-27
7669,Muşoiu,Muşoiu,Ştefan,RO,Romania,S&D,Progressive Alliance of Socialists and Democrats,,for,1,2024-11-27
7671,Mînzatu,Mînzatu,Roxana,RO,Romania,S&D,Progressive Alliance of Socialists and Democrats,,for,1,2024-11-27
7677,Nardella,Nardella,Dario,IT,Italy,S&D,Progressive Alliance of Socialists and Democrats,,for,1,2024-11-27
6691,Negrescu,Negrescu,Victor,RO,Romania,S&D,Progressive Alliance of Socialists and Democrats,,for,1,2024-11-27
7298,Nemec,Nemec,Matjaž,SI,Slovenia,S&D,Progressive Alliance of Socialists and Democrats,,abstain,0,2024-11-27
6418,Nica,Nica,Dan,RO,Romania,S&D,Progressive Alliance of Socialists and Democrats,,for,1,2024-11-27
6473,Noichl,Noichl,Maria,DE,Germany,S&D,Progressive Alliance of Socialists and Democrats,,against,-1,2024-11-27
7553,Pajín,Pajín,Leire,ES,Spain,S&D,Progressive Alliance of Socialists and Democrats,,for,1,2024-11-27
7324,Papandreou,Papandreou,Nikos,EL,Greece,S&D,Progressive Alliance of Socialists and Democrats,,for,1,2024-11-27
7461,Pellerin-Carlin,Pellerin-Carlin,Thomas,FR,France,S&D,Progressive Alliance of Socialists and Democrats,,against,-1,2024-11-27
7228,Penkova,Penkova,Tsvetelina,BG,Bulgaria,S&D,Progressive Alliance of Socialists and Democrats,,abstain,0,2024-11-27
6484,Picierno,Picierno,Pina,IT,Italy,S&D,Progressive Alliance of Socialists and Democrats,,for,1,2024-11-27
6261,Picula,Picula,Tonino,HR,Croatia,S&D,Progressive Alliance of Socialists and Democrats,,for,1,2024-11-27
7460,Rafowicz,Rafowicz,Emma,FR,France,S&D,Progressive Alliance of Socialists and Democrats,,against,-1,2024-11-27
6136,Regner,Regner,Evelyn,AT,Austria,S&D,Progressive Alliance of Socialists and Democrats,,abstain,0,2024-11-27
7296,Repasi,Repasi,René,DE,Germany,S&D,Progressive Alliance of Socialists and Democrats,,abstain,0,2024-11-27
7491,Repp,Repp,Sabrina,DE,Germany,S&D,Progressive Alliance of Socialists and Democrats,,against,-1,2024-11-27
7288,Reuten,Reuten,Thijs,NL,Netherlands,S&D,Progressive Alliance of Socialists and Democrats,,for,1,2024-11-27
7687,Ricci,Ricci,Matteo,IT,Italy,S&D,Progressive Alliance of Socialists and Democrats,,for,1,2024-11-27
7462,Ridel,Ridel,Chloé,FR,France,S&D,Progressive Alliance of Socialists and Democrats,,against,-1,2024-11-27
7269,Ros Sempere,Ros Sempere,Marcos,ES,Spain,S&D,Progressive Alliance of Socialists and Democrats,,for,1,2024-11-27
7726,Ruotolo,Ruotolo,Sandro,IT,Italy,S&D,Progressive Alliance of Socialists and Democrats,,for,1,2024-11-27
7562,Sancho Murillo,Sancho Murillo,Elena,ES,Spain,S&D,Progressive Alliance of Socialists and Democrats,,for,1,2024-11-27
7463,Sargiacomo,Sargiacomo,Eric,FR,France,S&D,Progressive Alliance of Socialists and Democrats,,against,-1,2024-11-27
5713,Schaldemose,Schaldemose,Christel,DK,Denmark,S&D,Progressive Alliance of Socialists and Democrats,,for,1,2024-11-27
7650,Scheuring-Wielgus,Scheuring-Wielgus,Joanna,PL,Poland,S&D,Progressive Alliance of Socialists and Democrats,,for,1,2024-11-27
7059,Schieder,Schieder,Andreas,AT,Austria,S&D,Progressive Alliance of Socialists and Democrats,,for,1,2024-11-27
7560,Serrano Sierra,Serrano Sierra,Rosa,ES,Spain,S&D,Progressive Alliance of Socialists and Democrats,,for,1,2024-11-27
7065,Sidl,Sidl,Günther,AT,Austria,S&D,Progressive Alliance of Socialists and Democrats,,for,1,2024-11-27
6093,Sippel,Sippel,Birgit,DE,Germany,S&D,Progressive Alliance of Socialists and Democrats,,against,-1,2024-11-27
7667,Strada,Strada,Cecilia,IT,Italy,S&D,Progressive Alliance of Socialists and Democrats,,against,-1,2024-11-27
7110,Sánchez Amor,Sánchez Amor,Nacho,ES,Spain,S&D,Progressive Alliance of Socialists and Democrats,,for,1,2024-11-27
7722,Tarquinio,Tarquinio,Marco,IT,Italy,S&D,Progressive Alliance of Socialists and Democrats,,against,-1,2024-11-27
7636,Tavares,Tavares,Carla,PT,Portugal,S&D,Progressive Alliance of Socialists and Democrats,,for,1,2024-11-27
7612,Temido,Temido,Marta,PT,Portugal,S&D,Progressive Alliance of Socialists and Democrats,,for,1,2024-11-27
6983,Tinagli,Tinagli,Irene,IT,Italy,S&D,Progressive Alliance of Socialists and Democrats,,for,1,2024-11-27
7442,Tobback,Tobback,Bruno,BE,Belgium,S&D,Progressive Alliance of Socialists and Democrats,,abstain,0,2024-11-27
7717,Topo,Topo,Raffaele,IT,Italy,S&D,Progressive Alliance of Socialists and Democrats,,for,1,2024-11-27
7195,Ušakovs,Ušakovs,Nils,LV,Latvia,S&D,Progressive Alliance of Socialists and Democrats,,for,1,2024-11-27
4990,Van Brempt,Van Brempt,Kathleen,BE,Belgium,S&D,Progressive Alliance of Socialists and Democrats,,abstain,0,2024-11-27
7760,Vešligaj,Vešligaj,Marko,HR,Croatia,S&D,Progressive Alliance of Socialists and Democrats,,for,1,2024-11-27
5675,Vigenin,Vigenin,Kristian,BG,Bulgaria,S&D,Progressive Alliance of Socialists and Democrats,,against,-1,2024-11-27
7251,Vind,Vind,Marianne,DK,Denmark,S&D,Progressive Alliance of Socialists and Democrats,,for,1,2024-11-27
7249,Wolters,Wolters,Lara,NL,Netherlands,S&D,Progressive Alliance of Socialists and Democrats,,for,1,2024-11-27
6735,Wölken,Wölken,Tiemo,DE,Germany,S&D,Progressive Alliance of Socialists and Democrats,,abstain,0,2024-11-27
7672,Zan,Zan,Alessandro,IT,Italy,S&D,Progressive Alliance of Socialists and Democrats,,for,1,2024-11-27
5537,Zingaretti,Zingaretti,Nicola,IT,Italy,S&D,Progressive Alliance of Socialists and Democrats,,for,1,2024-11-27
7729,Ó Ríordáin,Ó Ríordáin,Aodhán,IE,Ireland,S&D,Progressive Alliance of Socialists and Democrats,,against,-1,2024-11-27
7651,Śmiszek,Śmiszek,Krzysztof,PL,Poland,S&D,Progressive Alliance of Socialists and Democrats,,for,1,2024-11-27
7368,Andersson,Andersson,Li,FI,Finland,The Left,The Left in the European Parliament - GUE/NGL,,against,-1,2024-11-27
7707,Antoci,Antoci,Giuseppe,IT,Italy,The Left,The Left in the European Parliament - GUE/NGL,,against,-1,2024-11-27
7089,Arvanitis,Arvanitis,Konstantinos,EL,Greece,The Left,The Left in the European Parliament - GUE/NGL,,against,-1,2024-11-27
6926,Aubry,Aubry,Manon,FR,France,The Left,The Left in the European Parliament - GUE/NGL,,against,-1,2024-11-27
7072,Barrena Arza,Barrena Arza,Pernando,ES,Spain,The Left,The Left in the European Parliament - GUE/NGL,,against,-1,2024-11-27
6873,Botenga,Botenga,Marc,BE,Belgium,The Left,The Left in the European Parliament - GUE/NGL,,against,-1,2024-11-27
6595,Boylan,Boylan,Lynn,IE,Ireland,The Left,The Left in the European Parliament - GUE/NGL,,against,-1,2024-11-27
6964,Carême,Carême,Damien,FR,France,The Left,The Left in the European Parliament - GUE/NGL,,against,-1,2024-11-27
6922,Chaibi,Chaibi,Leila,FR,France,The Left,The Left in the European Parliament - GUE/NGL,,against,-1,2024-11-27
7585,Clausen,Clausen,Per,DK,Denmark,The Left,The Left in the European Parliament - GUE/NGL,,against,-1,2024-11-27
7721,Della Valle,Della Valle,Danilo,IT,Italy,The Left,The Left in the European Parliament - GUE/NGL,,against,-1,2024-11-27
6865,Demirel,Demirel,Özlem,DE,Germany,The Left,The Left in the European Parliament - GUE/NGL,,against,-1,2024-11-27
7516,Everding,Everding,Sebastian,DE,Germany,The Left,The Left in the European Parliament - GUE/NGL,,against,-1,2024-11-27
7388,Farantouris,Farantouris,Nikolas,EL,Greece,The Left,The Left in the European Parliament - GUE/NGL,,against,-1,2024-11-27
6597,Flanagan,Flanagan,Luke Ming,IE,Ireland,The Left,The Left in the European Parliament - GUE/NGL,,against,-1,2024-11-27
7471,Fourreau,Fourreau,Emma,FR,France,The Left,The Left in the European Parliament - GUE/NGL,,against,-1,2024-11-27
7741,Funchion,Funchion,Kathleen,IE,Ireland,The Left,The Left in the European Parliament - GUE/NGL,,against,-1,2024-11-27
7180,Furore,Furore,Mario,IT,Italy,The Left,The Left in the European Parliament - GUE/NGL,,against,-1,2024-11-27
7574,Galán,Galán,Estrella,ES,Spain,The Left,The Left in the European Parliament - GUE/NGL,,against,-1,2024-11-27
7658,Gedin,Gedin,Hanna,SE,Sweden,The Left,The Left in the European Parliament - GUE/NGL,,against,-1,2024-11-27
6815,Georgiou,Georgiou,Giorgos,CY,Cyprus,The Left,The Left in the European Parliament - GUE/NGL,,against,-1,2024-11-27
7470,Hassan,Hassan,Rima,FR,France,The Left,The Left in the European Parliament - GUE/NGL,,against,-1,2024-11-27
7447,Kennes,Kennes,Rudi,BE,Belgium,The Left,The Left in the European Parliament - GUE/NGL,,against,-1,2024-11-27
7087,Kountoura,Kountoura,Elena,EL,Greece,The Left,The Left in the European Parliament - GUE/NGL,,against,-1,2024-11-27
6369,Kyllönen,Kyllönen,Merja,FI,Finland,The Left,The Left in the European Parliament - GUE/NGL,,against,-1,2024-11-27
7695,Lucano,Lucano,Mimmo,IT,Italy,The Left,The Left in the European Parliament - GUE/NGL,,against,-1,2024-11-27
7628,Martins,Martins,Catarina,PT,Portugal,The Left,The Left in the European Parliament - GUE/NGL,,against,-1,2024-11-27
7303,Mesure,Mesure,Marina,FR,France,The Left,The Left in the European Parliament - GUE/NGL,,against,-1,2024-11-27
7567,Montero,Montero,Irene,ES,Spain,The Left,The Left in the European Parliament - GUE/NGL,,against,-1,2024-11-27
7709,Morace,Morace,Carolina,IT,Italy,The Left,The Left in the European Parliament - GUE/NGL,,against,-1,2024-11-27
7649,Oliveira,Oliveira,João,PT,Portugal,The Left,The Left in the European Parliament - GUE/NGL,,against,-1,2024-11-27
6250,Omarjee,Omarjee,Younous,FR,France,The Left,The Left in the European Parliament - GUE/NGL,,against,-1,2024-11-27
7703,Palmisano,Palmisano,Valentina,IT,Italy,The Left,The Left in the European Parliament - GUE/NGL,,against,-1,2024-11-27
7692,Pedulla',Pedulla',Gaetano,IT,Italy,The Left,The Left in the European Parliament - GUE/NGL,,against,-1,2024-11-27
7469,Saeidi,Saeidi,Arash,FR,France,The Left,The Left in the European Parliament - GUE/NGL,,against,-1,2024-11-27
7693,Salis,Salis,Ilaria,IT,Italy,The Left,The Left in the European Parliament - GUE/NGL,,against,-1,2024-11-27
7378,Saramo,Saramo,Jussi,FI,Finland,The Left,The Left in the European Parliament - GUE/NGL,,against,-1,2024-11-27
6758,Schirdewan,Schirdewan,Martin,DE,Germany,The Left,The Left in the European Parliament - GUE/NGL,,against,-1,2024-11-27
7571,Serra Sánchez,Serra Sánchez,Isabel,ES,Spain,The Left,The Left in the European Parliament - GUE/NGL,,against,-1,2024-11-27
4586,Sjöstedt,Sjöstedt,Jonas,SE,Sweden,The Left,The Left in the European Parliament - GUE/NGL,,against,-1,2024-11-27
7468,Smith,Smith,Anthony,FR,France,The Left,The Left in the European Parliament - GUE/NGL,,against,-1,2024-11-27
6447,Tamburrano,Tamburrano,Dario,IT,Italy,The Left,The Left in the European Parliament - GUE/NGL,,against,-1,2024-11-27
7701,Tridico,Tridico,Pasquale,IT,Italy,The Left,The Left in the European Parliament - GUE/NGL,,against,-1,2024-11-27
6845,Andresen,Andresen,Rasmus,DE,Germany,Verts/ALE,Verts/ALE,,abstain,0,2024-11-27
7577,Asens Llodrà,Asens Llodrà,Jaume,ES,Spain,Verts/ALE,Verts/ALE,,against,-1,2024-11-27
6846,Bloss,Bloss,Michael,DE,Germany,Verts/ALE,Verts/ALE,,for,1,2024-11-27
6837,Boeselager,Boeselager,Damian,DE,Germany,Verts/ALE,Verts/ALE,,for,1,2024-11-27
7555,Bosanac,Bosanac,Gordan,HR,Croatia,Verts/ALE,Verts/ALE,,against,-1,2024-11-27
6867,Bricmont,Bricmont,Saskia,BE,Belgium,Verts/ALE,Verts/ALE,,against,-1,2024-11-27
7473,Camara,Camara,Mélissa,FR,France,Verts/ALE,Verts/ALE,,against,-1,2024-11-27
6847,Cavazzini,Cavazzini,Anna,DE,Germany,Verts/ALE,Verts/ALE,,for,1,2024-11-27
6897,Cormand,Cormand,David,FR,France,Verts/ALE,Verts/ALE,,against,-1,2024-11-27
5899,Eickhout,Eickhout,Bas,NL,Netherlands,Verts/ALE,Verts/ALE,,for,1,2024-11-27
6851,Freund,Freund,Daniel,DE,Germany,Verts/ALE,Verts/ALE,,abstain,0,2024-11-27
6853,Geese,Geese,Alexandra,DE,Germany,Verts/ALE,Verts/ALE,,for,1,2024-11-27
6942,Gregorová,Gregorová,Markéta,CZ,Czechia,Verts/ALE,Verts/ALE,,for,1,2024-11-27
6797,Holmgren,Holmgren,Pär,SE,Sweden,Verts/ALE,Verts/ALE,,abstain,0,2024-11-27
5926,Häusling,Häusling,Martin,DE,Germany,Verts/ALE,Verts/ALE,,for,1,2024-11-27
6795,Kuhnke,Kuhnke,Alice,SE,Sweden,Verts/ALE,Verts/ALE,,abstain,0,2024-11-27
6857,Lagodinsky,Lagodinsky,Sergey,DE,Germany,Verts/ALE,Verts/ALE,,for,1,2024-11-27
6858,Langensiepen,Langensiepen,Katrin,DE,Germany,Verts/ALE,Verts/ALE,,abstain,0,2024-11-27
5862,Lövin,Lövin,Isabella,SE,Sweden,Verts/ALE,Verts/ALE,,abstain,0,2024-11-27
7700,Marino,Marino,Ignazio Roberto,IT,Italy,Verts/ALE,Verts/ALE,,against,-1,2024-11-27
6859,Marquardt,Marquardt,Erik,DE,Germany,Verts/ALE,Verts/ALE,,for,1,2024-11-27
7578,Marzà Ibáñez,Marzà Ibáñez,Vicent,ES,Spain,Verts/ALE,Verts/ALE,,against,-1,2024-11-27
7281,Matthieu,Matthieu,Sara,BE,Belgium,Verts/ALE,Verts/ALE,,against,-1,2024-11-27
6776,Metz,Metz,Tilly,LU,Luxembourg,Verts/ALE,Verts/ALE,,against,-1,2024-11-27
6251,Miranda Paz,Miranda Paz,Ana,ES,Spain,Verts/ALE,Verts/ALE,,against,-1,2024-11-27
6861,Neumann,Neumann,Hannah,DE,Germany,Verts/ALE,Verts/ALE,,for,1,2024-11-27
7187,Niinistö,Niinistö,Ville,FI,Finland,Verts/ALE,Verts/ALE,,for,1,2024-11-27
7607,Nordqvist,Nordqvist,Rasmus,DK,Denmark,Verts/ALE,Verts/ALE,,for,1,2024-11-27
7375,Ohisalo,Ohisalo,Maria,FI,Finland,Verts/ALE,Verts/ALE,,against,-1,2024-11-27
4260,Orlando,Orlando,Leoluca,IT,Italy,Verts/ALE,Verts/ALE,,against,-1,2024-11-27
6863,Paulus,Paulus,Jutta,DE,Germany,Verts/ALE,Verts/ALE,,for,1,2024-11-27
6963,Peter-Hansen,Peter-Hansen,Kira Marie,DK,Denmark,Verts/ALE,Verts/ALE,,for,1,2024-11-27
7383,Prebilič,Prebilič,Vladimir,SI,Slovenia,Verts/ALE,Verts/ALE,,for,1,2024-11-27
6529,Reintke,Reintke,Terry,DE,Germany,Verts/ALE,Verts/ALE,,for,1,2024-11-27
7217,Riba i Giner,Riba i Giner,Diana,ES,Spain,Verts/ALE,Verts/ALE,,against,-1,2024-11-27
7519,Riehl,Riehl,Nela,DE,Germany,Verts/ALE,Verts/ALE,,for,1,2024-11-27
6893,Satouri,Satouri,Mounir,FR,France,Verts/ALE,Verts/ALE,,against,-1,2024-11-27
7475,Sbai,Sbai,Majdouline,FR,France,Verts/ALE,Verts/ALE,,against,-1,2024-11-27
7394,Schilling,Schilling,Lena,AT,Austria,Verts/ALE,Verts/ALE,,against,-1,2024-11-27
7708,Scuderi,Scuderi,Benedetta,IT,Italy,Verts/ALE,Verts/ALE,,against,-1,2024-11-27
7379,Sinkevičius,Sinkevičius,Virginijus,LT,Lithuania,Verts/ALE,Verts/ALE,,for,1,2024-11-27
7474,Staķis,Staķis,Mārtiņš,LV,Latvia,Verts/ALE,Verts/ALE,,for,1,2024-11-27
7156,Strik,Strik,Tineke,NL,Netherlands,Verts/ALE,Verts/ALE,,for,1,2024-11-27
7548,Strolenberg,Strolenberg,Anna,NL,Netherlands,Verts/ALE,Verts/ALE,,for,1,2024-11-27
7603,Søvndal,Søvndal,Villy,DK,Denmark,Verts/ALE,Verts/ALE,,for,1,2024-11-27
7520,Tegethoff,Tegethoff,Kai,DE,Germany,Verts/ALE,Verts/ALE,,for,1,2024-11-27
6894,Toussaint,Toussaint,Marie,FR,France,Verts/ALE,Verts/ALE,,against,-1,2024-11-27
7535,Van Lanschot,Van Lanschot,Reinier,NL,Netherlands,Verts/ALE,Verts/ALE,,for,1,2024-11-27
7237,Van Sparrentak,Van Sparrentak,Kim,NL,Netherlands,Verts/ALE,Verts/ALE,,for,1,2024-11-27
7744,Vieira,Vieira,Catarina,NL,Netherlands,Verts/ALE,Verts/ALE,,for,1,2024-11-27
6757,Waitz,Waitz,Thomas,AT,Austria,Verts/ALE,Verts/ALE,,against,-1,2024-11-27
7055,Ştefănuță,Ștefănuță,Nicolae,RO,Romania,Verts/ALE,Verts/ALE,,for,1,2024-11-27
